Series Name,Series Code,Country Name,Country Code,2002 [YR2002],2003 [YR2003],2004 [YR2004],2005 [YR2005],2006 [YR2006],2007 [YR2007],2008 [YR2008],2009 [YR2009],2010 [YR2010],2011 [YR2011],2012 [YR2012],2013 [YR2013],2014 [YR2014],2015 [YR2015],2016 [YR2016],2017 [YR2017],2018 [YR2018],2019 [YR2019],2020 [YR2020],2021 [YR2021]
GDP (current US$),NY.GDP.MKTP.CD,Afghanistan,AFG,3854235264,4539500884,5220823685,6226199249,6971379033,9715761650,10249767311,12154835708,15633856787,18190410821,20203572960,20564485419,20550582747,19998156214,18019558182,18896352022,18418848300,18904490263,20143442151,14786861638
GDP (current US$),NY.GDP.MKTP.CD,Albania,ALB,4348068242,5611496257,7184685782,8052073539,8896072919,10677324144,12881353508,12044208086,11926922829,12890764531,12319830437,12776220507,13228147516,11386850130,11861199831,13019689337,15156432310,15401830754,15131866271,18255787479
GDP (current US$),NY.GDP.MKTP.CD,Algeria,DZA,56760355865,67863828413,85332581189,1.03198E+11,1.17027E+11,1.34977E+11,1.71001E+11,1.37211E+11,1.61207E+11,2.00013E+11,2.09059E+11,2.09755E+11,2.1381E+11,1.65979E+11,1.60034E+11,1.70097E+11,1.74911E+11,1.71767E+11,1.45009E+11,1.63044E+11
GDP (current US$),NY.GDP.MKTP.CD,American Samoa,ASM,512000000,524000000,509000000,500000000,493000000,518000000,560000000,675000000,573000000,570000000,640000000,638000000,643000000,673000000,671000000,612000000,639000000,647000000,716000000,709000000
GDP (current US$),NY.GDP.MKTP.CD,Andorra,AND,1755910032,2361726862,2894921778,3159905484,3456442103,3952600602,4085630584,3674409558,3449966857,3629203786,3188808943,3193704343,3271808157,2789870188,2896679212,3000180750,3218316013,3155065488,2891022273,3330281524
GDP (current US$),NY.GDP.MKTP.CD,Angola,AGO,15285594828,17812704825,23552047248,36970918699,52381006892,65266452081,88538610805,70307166934,81699526881,1.09437E+11,1.24998E+11,1.33402E+11,1.37244E+11,87219300385,49840491178,68972769396,77792944472,69309110146,53619073505,67404287260
GDP (current US$),NY.GDP.MKTP.CD,Antigua and Barbuda,ATG,814381481.5,856396296.3,919729629.6,1022962963,1157662963,1312759259,1370070370,1228329630,1148700000,1137637037,1199948148,1181448148,1249733333,1336692593,1436585185,1467977778,1605944444,1687533333,1370281481,1471125926
GDP (current US$),NY.GDP.MKTP.CD,Argentina,ARG,97724004252,1.27587E+11,1.64658E+11,1.98737E+11,2.32557E+11,2.87531E+11,3.61558E+11,3.32976E+11,4.23627E+11,5.30163E+11,5.45982E+11,5.52025E+11,5.2632E+11,5.94749E+11,5.57531E+11,6.43629E+11,5.2482E+11,4.47755E+11,3.8554E+11,4.87227E+11
GDP (current US$),NY.GDP.MKTP.CD,Armenia,ARM,2376335048,2807061009,3576615240,4900469950,6384451606,9206301700,11662040714,8647936748,9260284938,10142111334,10619320049,11121465767,11609512940,10553337673,10546135160,11527458566,12457941907,13619291361,12641697523,13861409969
GDP (current US$),NY.GDP.MKTP.CD,Aruba,ABW,1962011173,2044134078,2254748603,2359776536,2469832402,2677653631,2843016760,2553631285,2453631285,2637988827,2615083799,2727932961,2791061453,2963128492,2983798883,3092178771,3202234637,3368970253,2610038938,3126019399
GDP (current US$),NY.GDP.MKTP.CD,Australia,AUS,3.95581E+11,4.67498E+11,6.14326E+11,6.95329E+11,7.47907E+11,8.54427E+11,1.05564E+12,9.28627E+11,1.14861E+12,1.39841E+12,1.54689E+12,1.57638E+12,1.46755E+12,1.35062E+12,1.20654E+12,1.32652E+12,1.42829E+12,1.39223E+12,1.3269E+12,1.55267E+12
GDP (current US$),NY.GDP.MKTP.CD,Austria,AUT,2.14395E+11,2.62274E+11,3.01458E+11,3.16092E+11,3.3628E+11,3.89186E+11,4.32052E+11,4.01759E+11,3.92275E+11,4.31685E+11,4.09402E+11,4.30191E+11,4.42585E+11,3.81971E+11,3.95837E+11,4.17261E+11,4.54991E+11,4.44621E+11,4.35225E+11,4.80368E+11
GDP (current US$),NY.GDP.MKTP.CD,Azerbaijan,AZE,6235856820,7276753895,8680370408,13245716099,20982986344,33050343783,48852482960,44291490421,52909294792,65951627200,69683935845,74164435946,75244294275,53074370486,37867518957,40865558912,47112941176,48174235294,42693000000,54622176471
GDP (current US$),NY.GDP.MKTP.CD,"Bahamas, The",BHS,8881160000,8870090000,9055290000,9836200000,10167250000,10618340000,10526000000,9981960000,10095760000,10070450000,10720500000,10562800000,11176100000,11861900000,11834600000,12357600000,12755800000,13192800000,9699500000,11208600000
GDP (current US$),NY.GDP.MKTP.CD,Bahrain,BHR,9593510638,11074813830,13150159574,15968723404,18504760638,21730000000,25710904255,22938218085,25713271277,28776595745,30749308511,32539468085,33387712766,31050638298,32234973404,35473776596,37802005319,38653318085,34723357447,38868663032
GDP (current US$),NY.GDP.MKTP.CD,Bangladesh,BGD,54724081491,60158929188,65108544250,69442943089,71819083684,79611888213,91631278239,1.02478E+11,1.15279E+11,1.28638E+11,1.33356E+11,1.4999E+11,1.72885E+11,1.95079E+11,2.65236E+11,2.93755E+11,3.21379E+11,3.51238E+11,3.73902E+11,4.16265E+11
GDP (current US$),NY.GDP.MKTP.CD,Barbados,BRB,3106500000,3209500000,3444500000,3819500000,4217450800,4674007450,4784925100,4465657300,4529928300,4657699450,4610096000,4677248300,4696344350,4724691200,4832811750,4981588900,5097283200,5324250000,4671800000,4843800000
GDP (current US$),NY.GDP.MKTP.CD,Belarus,BLR,14594249023,17827791321,23144351852,30207567317,36954312354,45277399814,60763483146,50874078052,57222490769,61757788945,65685102555,75527984234,78813839984,56454734397,47722657821,54726595249,60031262269,64409647194,61371126414,68205380707
GDP (current US$),NY.GDP.MKTP.CD,Belgium,BEL,2.58384E+11,3.18083E+11,3.69215E+11,3.85715E+11,4.0826E+11,4.70922E+11,5.17328E+11,4.83254E+11,4.81421E+11,5.2333E+11,4.96153E+11,5.21791E+11,5.3539E+11,4.62336E+11,4.76063E+11,5.02765E+11,5.43299E+11,5.35831E+11,5.25212E+11,5.94104E+11
GDP (current US$),NY.GDP.MKTP.CD,Belize,BLZ,1233000000,1298000000,1389500000,1461500000,1581000000,1696000000,1729000000,1680500000,1738500000,1819500000,1903000000,2029500000,2138000000,2210500000,2258500000,2286000000,2315000000,2416500000,2080000000,2491500000
GDP (current US$),NY.GDP.MKTP.CD,Benin,BEN,4194342849,5349258334,6190270756,6567654494,7034111651,8169048690,9787735426,9738626993,9535345011,10693321370,11141358106,12517845128,13284527850,11388160997,11821065852,12701655846,14262408080,14391686309,15651545209,17144918952
GDP (current US$),NY.GDP.MKTP.CD,Bermuda,BMU,3937228000,4186525000,4484703000,4868136000,6144000000,6767000000,6980000000,6656000000,6634526000,6312691000,6378188000,6465756000,6413988000,6654541000,6899911000,7142316000,7225977000,7423465000,6887147000,7286607000
GDP (current US$),NY.GDP.MKTP.CD,Bhutan,BTN,520849551.5,604041957.9,682523857,796938120.2,874989895.6,1168308517,1227808791,1234014292,1547991318,1777101317,1781281282,1756215665,1907090813,2003598213,2158972129,2450364928,2446866405,2535657069,2325184481,2539552985
GDP (current US$),NY.GDP.MKTP.CD,Bolivia,BOL,7905485146,8082364816,8773451752,9549077919,11451869202,13120183208,16674324662,17339992194,19649631308,23963033429,27084497482,30659338886,32996188017,33000198248,33941126200,37508642165,40287647930,40895322844,36629843805,40408208528
GDP (current US$),NY.GDP.MKTP.CD,Bosnia and Herzegovina,BIH,6728771319,8498560877,10157553968,11222953329,12864610865,15778767390,19112739365,17613836494,17176781066,18644723861,17226849166,18178503835,18558343305,16211541593,16913330977,18080118186,20183510863,20202479538,19950471171,23365361635
GDP (current US$),NY.GDP.MKTP.CD,Botswana,BWA,5438857107,7511582173,8957467707,9918907108,9919158482,10567270656,10730763099,10118518637,12637319933,15110716534,13907510006,14271752527,15470059202,13530738158,15082579074,16105182316,17031901441,16695928793,14930072459,17614791266
GDP (current US$),NY.GDP.MKTP.CD,Brazil,BRA,5.09789E+11,5.58229E+11,6.69294E+11,8.9163E+11,1.10764E+12,1.39708E+12,1.69582E+12,1.66702E+12,2.20887E+12,2.6162E+12,2.46519E+12,2.47281E+12,2.45599E+12,1.80221E+12,1.7957E+12,2.06351E+12,1.91695E+12,1.87327E+12,1.44856E+12,1.60898E+12
GDP (current US$),NY.GDP.MKTP.CD,British Virgin Islands,VGB,..,..,..,..,..,..,..,..,..,..,..,..,..,..,..,..,..,..,..,..
GDP (current US$),NY.GDP.MKTP.CD,Brunei Darussalam,BRN,5843329108,6557333085,7872333215,9531402848,11470703002,12247694247,14393099069,10732366286,13707370737,18525319978,19047940301,18093829923,17098342541,12930394938,11400854268,12128104859,13567351175,13469422959,12005825759,14006569576
GDP (current US$),NY.GDP.MKTP.CD,Bulgaria,BGR,16402846413,21144982397,26157892832,29869284035,34379808889,44432811756,54481376860,52023505367,50682061053,57678241024,54300857424,55810138436,57082011260,50781996713,53953897624,59199447421,66363537115,68915875215,70240275010,84056312734
GDP (current US$),NY.GDP.MKTP.CD,Burkina Faso,BFA,3622350204,4740768355,5451688868,6146352742,6547420134,7625723124,9451436359,9450697336,10109618964,12080296644,12561016091,13444301139,13943016924,11832159276,12833363370,14106956830,15890065020,16178162030,17933606353,19737615114
GDP (current US$),NY.GDP.MKTP.CD,Burundi,BDI,825394490.2,784654423.6,915257323.4,1117113046,1273375020,1356199365,1611835902,1781455092,2032135247,2235820868,2333341375,2451606684,2705783272,3104003611,2639321161,2712324134,2660123598,2576518846,2649671999,2779813489
GDP (current US$),NY.GDP.MKTP.CD,Cabo Verde,CPV,620507562.1,813260468.9,924940272.4,972241336.9,1107571017,1513040065,1787968044,1697737296,1663913071,1865915544,1741809809,1850470042,1859898513,1596800287,1663008687,1769787215,1966501118,1981845741,1703698677,1936174043
GDP (current US$),NY.GDP.MKTP.CD,Cambodia,KHM,4284028483,4658246918,5337833248,6293046162,7274595707,8639235842,10351914093,10401851851,11242275199,12829541141,14054443213,15227991395,16702610842,18049954289,20016747754,22177200512,24571753583,27089389787,25872798012,26961061120
GDP (current US$),NY.GDP.MKTP.CD,Cameroon,CMR,12417251816,15970315751,18826215278,19509850837,20910513975,23928251334,27715144580,27932971683,27507499709,30630912185,30155064574,33728622819,36386546918,32210232912,33814337900,36098550142,39973839065,39670977333,40773241531,45338283345
GDP (current US$),NY.GDP.MKTP.CD,Canada,CAN,7.60649E+11,8.95541E+11,1.02669E+12,1.17311E+12,1.31926E+12,1.46882E+12,1.55299E+12,1.37463E+12,1.61734E+12,1.79333E+12,1.82837E+12,1.8466E+12,1.80575E+12,1.55651E+12,1.52799E+12,1.64927E+12,1.72533E+12,1.74202E+12,1.64542E+12,1.98834E+12
GDP (current US$),NY.GDP.MKTP.CD,Cayman Islands,CYM,..,..,..,..,4200439458,4466438858,4586114125,4281868715,4156990760,4186223809,4291159006,4405954638,4563017881,4708336733,4909498980,5166467299,5530377535,5943589104,5608989200,5898449688
GDP (current US$),NY.GDP.MKTP.CD,Central African Republic,CAF,996068183.7,1142315574,1272360595,1337894285,1461859832,1699811359,1993408072,2067381766,2142591376,2437982840,2510126699,1691544192,1894813505,1695825708,1825018191,2072349794,2220978978,2221301401,2326720921,2516498299
GDP (current US$),NY.GDP.MKTP.CD,Chad,TCD,1997005787,2742815195,4422855929,6649307057,7428701809,8650138069,10393834721,9290728773,10668102735,12172309523,12367363678,12953535496,13940768066,10950392220,10097778354,10000395242,11239167048,11314951343,10715396135,11779980802
GDP (current US$),NY.GDP.MKTP.CD,Channel Islands,CHI,6663436031,7332574116,8553956571,8827299477,9676410338,11515258634,..,..,..,..,..,..,..,..,..,..,..,..,..,..
GDP (current US$),NY.GDP.MKTP.CD,Chile,CHL,70294892400,76507577235,99079230170,1.22315E+11,1.5384E+11,1.72566E+11,1.79663E+11,1.71413E+11,2.17105E+11,2.51225E+11,2.67176E+11,2.77239E+11,2.59405E+11,2.42497E+11,2.49299E+11,2.76365E+11,2.95403E+11,2.78585E+11,2.52727E+11,3.17059E+11
GDP (current US$),NY.GDP.MKTP.CD,China,CHN,1.47055E+12,1.66029E+12,1.95535E+12,2.28597E+12,2.75213E+12,3.55034E+12,4.59431E+12,5.1017E+12,6.08716E+12,7.5515E+12,8.53223E+12,9.57041E+12,1.04757E+13,1.10616E+13,1.12333E+13,1.23104E+13,1.38948E+13,1.42799E+13,1.46877E+13,1.77341E+13
GDP (current US$),NY.GDP.MKTP.CD,Colombia,COL,97963003805,94641378693,1.17082E+11,1.45619E+11,1.61619E+11,2.06182E+11,2.42187E+11,2.32398E+11,2.86563E+11,3.34944E+11,3.70921E+11,3.82116E+11,3.81112E+11,2.93482E+11,2.82825E+11,3.11884E+11,3.34198E+11,3.2311E+11,2.703E+11,3.14464E+11
GDP (current US$),NY.GDP.MKTP.CD,Comoros,COM,425964697.4,546885185,633706149.3,653845122.9,698431827.7,795673128.5,915659192.8,905341090.6,907978723.5,1023086184,1015843369,1116224161,1149587652,966029542,1012835518,1077439663,1188797575,1195019559,1225039231,1296089633
GDP (current US$),NY.GDP.MKTP.CD,"Congo, Dem. Rep.",COD,8728038525,8937567060,10297483481,11964484668,14451902468,16737071816,19788515874,18648373312,21565720044,25839749199,29306235826,32679745298,35909040266,37917704900,37134799975,38019265626,47568210069,51775830726,48716960860,55350968593
GDP (current US$),NY.GDP.MKTP.CD,"Congo, Rep.",COG,3034251042,3503723245,4656975223,6650001214,8072305415,8782703767,11649858744,9723300391,13148395202,15655384440,17692912613,17958721572,17912908766,11890259136,10219341277,11094822713,13670036996,12750339023,10483151176,13366230220
GDP (current US$),NY.GDP.MKTP.CD,Costa Rica,CRI,16578820687,17271760507,18610594846,20040642477,22715540324,26884700345,30801744881,30745712007,37658614803,42762617082,47231651863,50949672206,52016408951,56441917653,58847016045,60516043590,62420165100,64417670083,62158002233,64282438667
GDP (current US$),NY.GDP.MKTP.CD,Cote d'Ivoire,CIV,18054384023,21251755294,23510577108,24036917017,25281414473,28760092034,34078243426,33886814907,34936305297,36693712825,36302305578,42760237561,48843008580,45814637971,47964234560,51588158718,58011466451,58539424930,61348579465,70043191477
GDP (current US$),NY.GDP.MKTP.CD,Croatia,HRV,27085262279,35022903387,42013459302,45835098188,50915016294,60641942979,70943300079,63324394634,60672093865,63408294943,57369359295,59032066092,58423981441,50242783066,52397494687,56323836170,62316840750,62327983580,57472012427,68955083280
GDP (current US$),NY.GDP.MKTP.CD,Cuba,CUB,33590500000,35901200000,38203000000,42643836100,48835925926,54262870370,56302129630,57481481481,59562962963,68990000000,73141000000,77148000000,80656000000,87133000000,91370000000,96851000000,1.0005E+11,1.03428E+11,1.07352E+11,..
GDP (current US$),NY.GDP.MKTP.CD,Curacao,CUW,..,..,..,..,..,..,..,..,..,2933128492,3024525140,3039944134,3048435754,3042737430,3014748603,3009497207,3020388827,2995185475,2496174749,2699612458
GDP (current US$),NY.GDP.MKTP.CD,Cyprus,CYP,11420227885,14547325028,17320552500,18433411267,20072786351,23968764030,27844698989,25945391775,25800247912,27642086581,25048659900,23961144906,23226782251,19909190059,21046951516,22946726164,25596474965,25944504646,25008448886,28407867534
GDP (current US$),NY.GDP.MKTP.CD,Czechia,CZE,82196001051,1.0009E+11,1.19814E+11,1.37143E+11,1.56264E+11,1.90184E+11,2.36816E+11,2.07434E+11,2.0907E+11,2.29563E+11,2.08858E+11,2.11686E+11,2.09359E+11,1.88033E+11,1.96272E+11,2.18629E+11,2.49001E+11,2.52548E+11,2.45975E+11,2.81778E+11
GDP (current US$),NY.GDP.MKTP.CD,Denmark,DNK,1.78635E+11,2.18096E+11,2.51373E+11,2.64467E+11,2.82885E+11,3.19423E+11,3.53361E+11,3.21241E+11,3.21995E+11,3.44003E+11,3.27149E+11,3.43584E+11,3.52994E+11,3.02673E+11,3.13116E+11,3.32121E+11,3.56841E+11,3.46499E+11,3.55222E+11,3.98303E+11
GDP (current US$),NY.GDP.MKTP.CD,Djibouti,DJI,591122039.6,622044665.5,666072101.8,708633194.7,768873684,847918929.1,999105339.3,1049110685,1128611700,1239144502,1353632942,2042817163,2214679081,2424391785,2604955229,2762581334,2913466732,3088853639,3181071154,3482987379
GDP (current US$),NY.GDP.MKTP.CD,Dominica,DMA,333196296.3,343311111.1,367200000,364255555.6,390251851.9,421374074.1,458188888.9,489074074.1,493825925.9,501025925.9,485996296.3,498296296.3,520207407.4,540737037,576229629.6,521551851.9,554770370.4,611537037,504214814.8,554181481.5
GDP (current US$),NY.GDP.MKTP.CD,Dominican Republic,DOM,27137508657,21403167848,22322395368,35777570136,37879869898,43965420072,48122547177,48261033298,53860175556,58029750746,60681537196,62682163837,67179914027,71164825257,75704720190,79997975622,85555378043,88941299734,78844702329,94243453937
GDP (current US$),NY.GDP.MKTP.CD,Ecuador,ECU,28548945000,32432858000,36591661000,41507085000,46802044000,51007777000,61762635000,62519686000,69555367000,79276664000,87924544000,95129659000,1.01726E+11,99290381000,99937696000,1.04296E+11,1.07562E+11,1.08108E+11,99291124000,1.06166E+11
GDP (current US$),NY.GDP.MKTP.CD,"Egypt, Arab Rep.",EGY,85146067416,80288461538,78782467532,89600665557,1.07426E+11,1.30438E+11,1.62818E+11,1.89147E+11,2.18984E+11,2.3599E+11,2.79117E+11,2.88434E+11,3.05595E+11,3.29367E+11,3.32442E+11,2.35734E+11,2.49713E+11,3.03081E+11,3.65253E+11,4.04143E+11
GDP (current US$),NY.GDP.MKTP.CD,El Salvador,SLV,12664190300,13243892200,13724810900,14698000000,15999890000,17011750000,17986890000,17601620000,18447920000,20283780000,21386150000,21990960000,22593470000,23438240000,24191430000,24979190000,26020850000,26881140000,24563020000,28736940000
GDP (current US$),NY.GDP.MKTP.CD,Equatorial Guinea,GNQ,1806742742,2484745935,4410764339,8217369093,10086528699,13071718759,19749893536,15027795173,16314442183,21357344847,22388345810,21948835350,21765454404,13185496836,11240809132,12200912828,13097011143,11364133802,10099158075,12269392840
GDP (current US$),NY.GDP.MKTP.CD,Eritrea,ERI,729321366.7,870247703.2,1109054005,1098425901,1211161880,1317974491,1380188800,1856695551,1589515447,2065001626,..,..,..,..,..,..,..,..,..,..
GDP (current US$),NY.GDP.MKTP.CD,Estonia,EST,7367975888,9874013098,12145911801,14106790200,17022870405,22449129483,24341678629,19633031398,19523477326,23213994093,23019150071,25115753366,26634083965,22890762090,24072829277,26924385103,30624720196,31081901909,31370395573,37191166152
GDP (current US$),NY.GDP.MKTP.CD,Eswatini,SWZ,1432228125,2197612701,2770082792,3178126492,3291353836,3469363996,3294093485,3580417067,4438778424,4820499924,4886533033,4597532030,4422968340,4063245671,3816022047,4402969226,4665237415,4495264161,3982226055,4743335153
GDP (current US$),NY.GDP.MKTP.CD,Ethiopia,ETH,7850809498,8623691300,10131187261,12401139454,15280861835,19707616773,27066912635,32437389116,29933790334,31952763089,43310721414,47648211133,55612228234,64589334979,74296618481,81770791971,84269348327,95912590628,1.07658E+11,1.11271E+11
GDP (current US$),NY.GDP.MKTP.CD,Faroe Islands,FRO,1275095950,1501935425,1724758392,1759742534,2017673371,2339015743,2489888390,2296051036,2331786419,2505746270,2427190332,2690116269,2913995546,2573908649,2813286391,2980054219,3188610522,3275706960,3248696902,3649886275
GDP (current US$),NY.GDP.MKTP.CD,Fiji,FJI,1833279985,2300453634,2708078477,2980484920,3076305453,3378314600,3523185920,2870624636,3140181444,3779378134,3972012571,4189915667,4857220602,4682546881,4930204220,5353404419,5581371848,5481675173,4477040340,4296304590
GDP (current US$),NY.GDP.MKTP.CD,Finland,FIN,1.40404E+11,1.71652E+11,1.97479E+11,2.04885E+11,2.17089E+11,2.56378E+11,2.85716E+11,2.53498E+11,2.49424E+11,2.75604E+11,2.5829E+11,2.71362E+11,2.74863E+11,2.34534E+11,2.40771E+11,2.55648E+11,2.75708E+11,2.68515E+11,2.71892E+11,2.97302E+11
GDP (current US$),NY.GDP.MKTP.CD,France,FRA,1.50141E+12,1.84454E+12,2.11963E+12,2.19695E+12,2.32054E+12,2.66059E+12,2.9303E+12,2.70089E+12,2.64519E+12,2.86516E+12,2.68367E+12,2.81188E+12,2.85596E+12,2.43919E+12,2.47296E+12,2.59515E+12,2.79096E+12,2.72887E+12,2.63901E+12,2.95788E+12
GDP (current US$),NY.GDP.MKTP.CD,French Polynesia,PYF,3965405961,4927782568,5564112128,5705054692,5877996248,6631160061,7136743973,6584556512,6086643040,6203936563,5692858773,6031828532,6151998958,5325848045,5497037293,5833351478,6135117589,6001384760,5709421969,6054676735
GDP (current US$),NY.GDP.MKTP.CD,Gabon,GAB,5335451308,6511903657,7770219480,9582783318,10327598801,12455410056,15571349776,12113699661,14372591916,18210308748,17170465294,17595745653,18203968002,14383107714,14023890620,14929488771,16867326390,16874405460,15314577168,20216843174
GDP (current US$),NY.GDP.MKTP.CD,"Gambia, The",GMB,578236035.1,487038821.6,961900106.9,1027702254,1054113427,1279704745,1561763437,1450140386,1543292393,1409694554,1415006238,1375608956,1229460602,1378176868,1484579844,1504909753,1670670669,1813608280,1812169484,2038417462
GDP (current US$),NY.GDP.MKTP.CD,Georgia,GEO,3395728014,3991284895,5125365192,6410823633,7745394293,10172882371,12795076469,10766836277,12243505583,15107441447,16488403076,17189551521,17627003455,14953950557,15141758567,16242916916,17596922470,17470436259,15842922533,18629365597
GDP (current US$),NY.GDP.MKTP.CD,Germany,DEU,2.07848E+12,2.50164E+12,2.81435E+12,2.84686E+12,2.9947E+12,3.42558E+12,3.74526E+12,3.41126E+12,3.39967E+12,3.74931E+12,3.52714E+12,3.7338E+12,3.88909E+12,3.35759E+12,3.46985E+12,3.69085E+12,3.97444E+12,3.88823E+12,3.88967E+12,4.25993E+12
GDP (current US$),NY.GDP.MKTP.CD,Ghana,GHA,6166330136,7632406553,8881368538,10744675210,20440893017,24827844950,28678701891,26048108185,32197272797,39337314810,41270954737,62823043706,54782847753,49406568433,56165172899,60406382899,67299280680,68337537816,70043199814,77594279055
GDP (current US$),NY.GDP.MKTP.CD,Gibraltar,GIB,..,..,..,..,..,..,..,..,..,..,..,..,..,..,..,..,..,..,..,..
GDP (current US$),NY.GDP.MKTP.CD,Greece,GRC,1.54564E+11,2.0237E+11,2.40964E+11,2.47875E+11,2.73547E+11,3.18903E+11,3.55909E+11,3.31309E+11,2.97125E+11,2.82996E+11,2.42029E+11,2.38908E+11,2.35458E+11,1.95684E+11,1.93148E+11,1.99844E+11,2.12049E+11,2.05257E+11,1.88926E+11,2.14874E+11
GDP (current US$),NY.GDP.MKTP.CD,Greenland,GRL,1169138789,1558753434,1822486689,1849805733,2013099482,2249811709,2499107511,2529948330,2503156061,2684467376,2609667674,2684952727,2842048998,2499115623,2707146783,2851610656,3055791341,2994332324,3076015347,..
GDP (current US$),NY.GDP.MKTP.CD,Grenada,GRD,540336925.9,591018407.4,599118592.6,695555555.6,698700666.7,758683592.6,825976037,771275555.6,771013259.3,778655925.9,799882259.3,842620111.1,911500000,997007407.4,1061640741,1125681481,1166511111,1213485185,1043414815,1122807407
GDP (current US$),NY.GDP.MKTP.CD,Guam,GUM,3394000000,3569000000,3869000000,4213000000,4238000000,4397000000,4658000000,4828000000,4949000000,4984000000,5265000000,5399000000,5610000000,5799000000,5901000000,6013000000,6056000000,6366000000,5886000000,6123000000
GDP (current US$),NY.GDP.MKTP.CD,Guatemala,GTM,20444205991,21576351799,23577286227,26783543667,29744368111,33567868323,38503862831,37125943565,40676432029,46876114650,49593961142,52996540704,57852399964,62186186576,66053725049,71654134379,73328024537,77170421168,77625486978,85985752107
GDP (current US$),NY.GDP.MKTP.CD,Guinea,GIN,2950198649,3446441698,3635458133,2937071767,4220019243,6281917656,6964179194,6716904569,6853467858,6785137173,7638045254,8376613843,8778473615,8794202444,8595955581,10324668267,11857030337,13442861444,14177835816,16091817842
GDP (current US$),NY.GDP.MKTP.CD,Guinea-Bissau,GNB,417806667.1,477458598.7,532062927.4,587029054.4,592365688.1,696910810.9,868154708.5,830126470,849878424.2,1099818652,989271229.6,1046087418,1054915645,1048229629,1179004941,1350177128,1504630121,1439638443,1431758243,1638517533
GDP (current US$),NY.GDP.MKTP.CD,Guyana,GUY,726131434.7,743064076.8,787814379.2,824880550.3,2379818383,2730971150,3025187924,3165663153,3432913073,3691384318,4063089192,4167800259,4127659492,4279840194,4482697337,4748174334,4787636237,5173760192,5471256595,8044498801
GDP (current US$),NY.GDP.MKTP.CD,Haiti,HTI,6058134467,4826827577,6036959915,7184064657,7518107787,9522763154,10485225353,11597014807,11859315079,13008754111,13708926466,14902474091,15139264670,14833154472,13987693739,15035560373,16455034353,14785839383,14508218017,20944392615
GDP (current US$),NY.GDP.MKTP.CD,Honduras,HND,7858235333,8230387552,8869311411,9757034457,10917481688,12361257681,13881701034,14587496229,15839344592,17710315006,18528601901,18499710128,19756494435,20979767785,21717622071,23136232230,24067778954,25089976947,23827840810,28488668302
GDP (current US$),NY.GDP.MKTP.CD,"Hong Kong SAR, China",HKG,1.66349E+11,1.61385E+11,1.691E+11,1.8157E+11,1.93536E+11,2.11597E+11,2.1928E+11,2.14046E+11,2.28638E+11,2.48514E+11,2.62629E+11,2.75697E+11,2.91459E+11,3.09384E+11,3.20858E+11,3.41273E+11,3.61731E+11,3.63052E+11,3.44932E+11,3.69176E+11
GDP (current US$),NY.GDP.MKTP.CD,Hungary,HUN,67608919144,85285062818,1.04121E+11,1.13211E+11,1.15716E+11,1.40187E+11,1.58326E+11,1.31069E+11,1.32175E+11,1.41942E+11,1.28814E+11,1.35684E+11,1.41034E+11,1.25174E+11,1.2861E+11,1.43112E+11,1.60565E+11,1.63989E+11,1.57182E+11,1.81848E+11
GDP (current US$),NY.GDP.MKTP.CD,Iceland,ISL,9318395055,11429333038,13825302536,16852963067,17465318552,21652505597,18074622987,13154414219,13751161918,15221622926,14751508134,16125060515,17867662178,17517210519,20793168031,24728285177,26264127687,24826102120,21694674810,25602419210
GDP (current US$),NY.GDP.MKTP.CD,India,IND,5.14938E+11,6.07699E+11,7.09149E+11,8.20382E+11,9.4026E+11,1.21674E+12,1.1989E+12,1.34189E+12,1.67562E+12,1.82305E+12,1.82764E+12,1.85672E+12,2.03913E+12,2.10359E+12,2.2948E+12,2.65147E+12,2.70293E+12,2.83155E+12,2.66769E+12,3.1763E+12
GDP (current US$),NY.GDP.MKTP.CD,Indonesia,IDN,1.95661E+11,2.34772E+11,2.56837E+11,2.85869E+11,3.64571E+11,4.32217E+11,5.10229E+11,5.3958E+11,7.55094E+11,8.92969E+11,9.1787E+11,9.12524E+11,8.90815E+11,8.60854E+11,9.31877E+11,1.01562E+12,1.04227E+12,1.1191E+12,1.05869E+12,1.18609E+12
GDP (current US$),NY.GDP.MKTP.CD,"Iran, Islamic Rep.",IRN,1.28627E+11,1.53545E+11,1.90043E+11,2.26452E+11,2.66299E+11,3.49882E+11,4.12336E+11,4.16397E+11,4.86808E+11,6.26133E+11,6.44036E+11,4.92776E+11,4.60383E+11,4.08213E+11,4.57955E+11,4.8663E+11,3.31682E+11,2.83747E+11,2.39736E+11,3.59713E+11
GDP (current US$),NY.GDP.MKTP.CD,Iraq,IRQ,32928454672,21921569479,36627901762,49954890353,65140147197,88837055195,1.31614E+11,1.11658E+11,1.38517E+11,1.8575E+11,2.18002E+11,2.34638E+11,2.28416E+11,1.66774E+11,1.66602E+11,1.87218E+11,2.27367E+11,2.33636E+11,1.8437E+11,2.07889E+11
GDP (current US$),NY.GDP.MKTP.CD,Ireland,IRL,1.28596E+11,1.64671E+11,1.94372E+11,2.11877E+11,2.32181E+11,2.70079E+11,2.75447E+11,2.36443E+11,2.21914E+11,2.39003E+11,2.25629E+11,2.38341E+11,2.59171E+11,2.91775E+11,2.99091E+11,3.36378E+11,3.85737E+11,3.99322E+11,4.25852E+11,5.04183E+11
GDP (current US$),NY.GDP.MKTP.CD,Isle of Man,IMN,1947332922,2328658228,2822358473,3032400000,3422651334,4466100440,5928420956,5487083658,5920177689,6566098382,6690725118,7000748788,7708834951,7085288006,6846691871,6979581725,7491969313,7315388052,..,..
GDP (current US$),NY.GDP.MKTP.CD,Israel,ISR,1.25061E+11,1.313E+11,1.39973E+11,1.47084E+11,1.5867E+11,1.84052E+11,2.20531E+11,2.1197E+11,2.38364E+11,2.66792E+11,2.62282E+11,2.97733E+11,3.1433E+11,3.03414E+11,3.22103E+11,3.58245E+11,3.76692E+11,4.02471E+11,4.13268E+11,4.88527E+11
GDP (current US$),NY.GDP.MKTP.CD,Italy,ITA,1.27677E+12,1.57762E+12,1.80654E+12,1.85822E+12,1.94955E+12,2.2131E+12,2.40866E+12,2.19993E+12,2.1361E+12,2.29499E+12,2.08696E+12,2.14192E+12,2.16201E+12,1.83664E+12,1.87707E+12,1.9618E+12,2.09193E+12,2.0113E+12,1.89676E+12,2.1077E+12
GDP (current US$),NY.GDP.MKTP.CD,Jamaica,JAM,9719017926,9430230564,10174664854,11243868486,11930171468,12799593018,13709402085,12120460873,13220556883,14444655300,14807086889,14264202737,13899228824,14188935948,14077109397,14808989993,15730793853,15830768550,13812425037,14657586937
GDP (current US$),NY.GDP.MKTP.CD,Japan,JPN,4.18285E+12,4.51956E+12,4.89312E+12,4.83147E+12,4.60166E+12,4.57975E+12,5.10668E+12,5.28949E+12,5.75907E+12,6.23315E+12,6.27236E+12,5.21233E+12,4.89699E+12,4.44493E+12,5.00368E+12,4.93084E+12,5.03784E+12,5.12332E+12,5.04011E+12,4.94088E+12
GDP (current US$),NY.GDP.MKTP.CD,Jordan,JOR,9582510578,10195627645,11411706629,12588998590,15056981664,17110437236,22657662395,24537876124,27133804244,29524149165,31634561670,34454440181,36847643587,38587017944,39892551149,41608435922,43370860549,44993992365,44182298292,45744271659
GDP (current US$),NY.GDP.MKTP.CD,Kazakhstan,KAZ,24636593223,30833699703,43151647003,57123671734,81003884545,1.0485E+11,1.33442E+11,1.15309E+11,1.48047E+11,1.92627E+11,2.07999E+11,2.36635E+11,2.21416E+11,1.84388E+11,1.37278E+11,1.66806E+11,1.7934E+11,1.81667E+11,1.71082E+11,1.97112E+11
GDP (current US$),NY.GDP.MKTP.CD,Kenya,KEN,13147743911,14904517650,16095337094,18737897745,25825524821,31958195182,35895153328,42347217913,45405587557,46869457318,56396706006,61671425370,68285768554,70120413329,74815121315,82035800868,92202956321,1.0038E+11,1.00667E+11,1.10347E+11
GDP (current US$),NY.GDP.MKTP.CD,Kiribati,KIR,72196457.68,90231856.8,102367039.3,112133944.3,110234939.8,132671743,141042610.3,132419903.3,155299761.5,180665807.1,189630151.2,184550782,177862267.9,170291037.5,178509812.7,188192060.1,196230573.8,177935349.3,180911843.6,207031250
GDP (current US$),NY.GDP.MKTP.CD,"Korea, Dem. People's Rep.",PRK,..,..,..,..,..,..,..,..,..,..,..,..,..,..,..,..,..,..,..,..
GDP (current US$),NY.GDP.MKTP.CD,"Korea, Rep.",KOR,6.27246E+11,7.02717E+11,7.93175E+11,9.34901E+11,1.05322E+12,1.17261E+12,1.04734E+12,9.43942E+11,1.14407E+12,1.25322E+12,1.27843E+12,1.3708E+12,1.48432E+12,1.46577E+12,1.50011E+12,1.6239E+12,1.72485E+12,1.65142E+12,1.64431E+12,1.81096E+12
GDP (current US$),NY.GDP.MKTP.CD,Kosovo,XKX,..,..,..,..,..,..,5181776769,5015894693,5344014318,6341737194,6163785173,6735731173,7074657898,6295820482,6682832632,7180813376,7878508503,7899879086,7716925356,9412034299
GDP (current US$),NY.GDP.MKTP.CD,Kuwait,KWT,38137545245,47876510067,59439090601,80798630137,1.01549E+11,1.1464E+11,1.47395E+11,1.05963E+11,1.15419E+11,1.54068E+11,1.7407E+11,1.74161E+11,1.62631E+11,1.14567E+11,1.0942E+11,1.20707E+11,1.38182E+11,1.36197E+11,1.0596E+11,..
GDP (current US$),NY.GDP.MKTP.CD,Kyrgyz Republic,KGZ,1605643105,1919008090,2211534585,2460248026,2834168889,3802566171,5139957785,4690062255,4794357795,6197766119,6605139933,7335027592,7468096567,6678178340,6813092066,7702934800,8271108638,8871026074,7780874537,8543423503
GDP (current US$),NY.GDP.MKTP.CD,Lao PDR,LAO,1758176653,2023324407,2366398120,2735558726,3455031448,4223152219,5446434032,5836138127,7131773633,8750107402,10192848926,11983252611,13279248479,14426381187,15912495369,17071162084,18141651381,18740559554,18981800705,18827148510
GDP (current US$),NY.GDP.MKTP.CD,Latvia,LVA,9557031605,11771975157,14435700533,17003459863,21570076499,31054350978,35854274229,26410909091,23956163077,27474380566,28169902669,30204783462,31386896487,27263090547,28083597512,30483806018,34429023435,34343961073,34601740323,39853501580
GDP (current US$),NY.GDP.MKTP.CD,Lebanon,LBN,19152238806,20082918740,21159827992,21497336499,22022709852,24827355015,29118916106,35399582929,38443907042,39927125961,44016799516,46880103081,48095213746,49929337837,51147308774,53027680686,54901519156,51953744530,31712128254,23131940281
GDP (current US$),NY.GDP.MKTP.CD,Lesotho,LSO,775780697.7,1157832935,1511236656,1682350935,1800105590,1682016947,1766825413,1740830511,2234731974,2579421686,2477702253,2367113170,2441053176,2359759799,2114428033,2306741845,2553495916,2453980835,2231214507,2496134680
GDP (current US$),NY.GDP.MKTP.CD,Liberia,LBR,927000000,748000000,897000000,949000000,1119000000,1373000000,1726000000,1768000000,1998000000,2398000000,2791614000,3177198100,3225652000,3227075700,3398419600,3390703400,3422754800,3319596500,3039982500,3509000000
GDP (current US$),NY.GDP.MKTP.CD,Libya,LBY,20481889764,26265625000,33122307692,47334148578,60092950670,68035403136,86708074534,60810211408,75380170508,48167374612,92538004280,75350633011,57372445772,48717854040,49910960875,67158415842,76684175824,69252306372,50357312595,42817472975
GDP (current US$),NY.GDP.MKTP.CD,Liechtenstein,LIE,2688630823,3070691320,3454362686,3659251526,4000239273,4601299567,5081432924,4504549214,5082366478,5739977477,5456009385,6391735894,6657170923,6268391521,6237264055,6474256119,6692504346,6427248943,6113951012,..
GDP (current US$),NY.GDP.MKTP.CD,Lithuania,LTU,14259781159,18781721376,22627507452,26097677572,30183575104,39697891352,47797551588,37388122046,37128694028,43535051482,42927454291,46523420074,48533659592,41435533340,43047309306,47758736932,53751411409,54751510088,56846622904,66445256585
GDP (current US$),NY.GDP.MKTP.CD,Luxembourg,LUX,23649833332,29667268248,35064843793,37672280120,42910146296,51587401416,58844277702,54467289898,56213985987,61696281326,59776383527,65203276467,68804811898,60071584216,62216885436,65712180343,71000359760,69825641851,73992591285,85506243834
GDP (current US$),NY.GDP.MKTP.CD,"Macao SAR, China",MAC,7371723056,8246521717,10643215078,12160002996,14874147024,18439876056,21027044551,21587740942,28241858489,36845925519,43189526778,51536304808,54903031138,45047964934,45070605746,50440941939,55284360483,55204758070,25459563655,30123914809
GDP (current US$),NY.GDP.MKTP.CD,Madagascar,MDG,5351701534,6372498720,5064732716,5859269849,6395712392,8524620739,10725137931,9616879571,9982711338,11551819618,11578974888,12423555269,12522957228,11323020829,11848613735,13176313594,13760033097,14104664515,13051441059,14472603323
GDP (current US$),NY.GDP.MKTP.CD,Malawi,MWI,3495748398,3208837077,3476094499,3655909664,3998020177,4432937046,5321012192,6191127665,6959655571,8004000737,6028487929,5518880769,6047813437,6373212641,5433040160,8943543677,9880675786,11025371147,12182348213,12626717492
GDP (current US$),NY.GDP.MKTP.CD,Malaysia,MYS,1.00846E+11,1.10202E+11,1.24749E+11,1.43534E+11,1.62691E+11,1.93548E+11,2.30814E+11,2.02258E+11,2.55017E+11,2.97952E+11,3.14443E+11,3.23277E+11,3.38062E+11,3.01355E+11,3.01255E+11,3.19112E+11,3.58792E+11,3.65175E+11,3.37338E+11,3.72981E+11
GDP (current US$),NY.GDP.MKTP.CD,Maldives,MDV,897031250,1052121055,1226829563,1163362438,1575200391,1868383461,2271646188,2345294875,2588176055,2774351760,2886170572,3295011382,3697351597,4109424800,4379136462,4754175869,5300962660,5609400722,3746321936,5405576236
GDP (current US$),NY.GDP.MKTP.CD,Mali,MLI,3908121459,4714072191,5454249457,6247515450,6905934548,8156469133,9838404005,10231962891,10689167195,12995113407,12442036265,13242691430,14364937997,13104764334,14026048691,15365711725,17070866299,17280251194,17465392916,19140461606
GDP (current US$),NY.GDP.MKTP.CD,Malta,MLT,4693495693,5489359281,6116591928,6407287651,6778321415,7925403778,9090376446,8696304529,9035927350,9638919822,9462289606,10551600478,11626278730,11091423499,11668253265,13489380931,15298771847,15725847979,14933066819,17364044944
GDP (current US$),NY.GDP.MKTP.CD,Marshall Islands,MHL,131738200,131398500,132934600,137666300,142745200,149870000,145969100,150624900,160318500,171567100,179855800,185468000,185172900,182997300,200716000,212701200,219330300,232092300,241722400,259538700
GDP (current US$),NY.GDP.MKTP.CD,Mauritania,MRT,1777058593,2051147607,2362501023,2936019526,3919577286,4346206809,5206444407,4714592493,5628882266,6764635687,6728208836,7223063170,6592537782,6166857629,6398738829,6800141922,7473550557,8066126312,8405491202,9996249658
GDP (current US$),NY.GDP.MKTP.CD,Mauritius,MUS,4841310240,5816553827,6578844486,6488750453,7028803366,8150138757,9990370016,9128843109,10003670690,11518393367,11668685524,12292957324,13074137210,12007291046,12594149441,13713509312,14735695931,14436353898,11401050655,11529042672
GDP (current US$),NY.GDP.MKTP.CD,Mexico,MEX,7.72106E+11,7.29336E+11,7.82241E+11,8.77476E+11,9.75387E+11,1.0527E+12,1.10999E+12,9.00045E+11,1.0578E+12,1.18049E+12,1.20109E+12,1.27444E+12,1.31535E+12,1.17187E+12,1.07849E+12,1.15891E+12,1.22241E+12,1.26901E+12,1.09052E+12,1.27284E+12
GDP (current US$),NY.GDP.MKTP.CD,"Micronesia, Fed. Sts.",FSM,242517200,245432900,240236000,250281900,253541900,256787200,263145100,280284600,296944100,311301600,327248700,317214400,319271200,316489900,332265200,366666800,401932300,412000000,408000000,404028900
GDP (current US$),NY.GDP.MKTP.CD,Moldova,MDA,1661818168,1980907435,2598249556,2988348836,3408244549,4401189466,6054849885,5439422031,6974982393,8414351672,8709138765,9496717702,9510198962,7745241913,8071469355,9669741744,11457443185,11971345003,11859730544,13679221333
GDP (current US$),NY.GDP.MKTP.CD,Monaco,MCO,2968987019,3601321065,4137913500,4203084194,4582988333,5867916781,6476490406,5451653237,5367625613,6088808463,5743029680,6555983530,7069616049,6261622101,6472990923,6431314957,7194024563,7383745662,6739691605,8596096984
GDP (current US$),NY.GDP.MKTP.CD,Mongolia,MNG,1396555720,1595297356,1992066808,2523471532,3414055566,4234999823,5623216449,4583850368,7189481824,10409797649,12292770631,12582122604,12226514722,11619892396,11181350461,11480847745,13178094459,14206359007,13312981595,15286441818
GDP (current US$),NY.GDP.MKTP.CD,Montenegro,MNE,1284685051,1707710053,2073234418,2257174481,2721903149,3680711744,4545674528,4159330370,4143033276,4544516982,4087725813,4466039315,4594024180,4054712083,4377033429,4856632399,5506766651,5542053845,4769860741,5861268039
GDP (current US$),NY.GDP.MKTP.CD,Morocco,MAR,42236836821,52064058834,59626020162,62343022651,68640825481,79041294874,92507257784,92897320376,93216746662,1.0137E+11,98266306615,1.06826E+11,1.19131E+11,1.10414E+11,1.11573E+11,1.18541E+11,1.27341E+11,1.2892E+11,1.21348E+11,1.42866E+11
GDP (current US$),NY.GDP.MKTP.CD,Mozambique,MOZ,5677003239,6303391144,7631120533,8542070110,9176889070,10450843291,12556195189,11914471497,11104648673,14381552433,16350804543,16974320551,17716084108,15950969019,11936999283,13219084261,14845402474,15390039242,14028811072,15776758633
GDP (current US$),NY.GDP.MKTP.CD,Myanmar,MMR,6110632858,7754647428,9390855298,10588433069,11863016315,15591182545,23013015832,29455165595,37796052939,54118601975,58318677645,60572257122,63264892768,63045305229,60291736894,61449392056,67144725831,68697759361,78930257227,65091751273
GDP (current US$),NY.GDP.MKTP.CD,Namibia,NAM,3349184760,4926471294,6609198833,7248394160,8001779551,8839526452,8607475308,8938868165,11431334447,12523402329,13042007432,12043276401,12435416063,11335179561,10721994676,12895153157,13682062251,12541928105,10581585630,12310595844
GDP (current US$),NY.GDP.MKTP.CD,Nauru,NRU,..,..,..,..,..,..,..,..,47564520.39,66055407.67,96927201.48,98491843.64,104654365.2,86529661.37,99723394.96,109359680.2,124021393.7,118724073.8,114626625.6,133218896.9
GDP (current US$),NY.GDP.MKTP.CD,Nepal,NPL,6050875807,6330473097,7273938315,8130258041,9043715356,10325618017,12545438605,12854985464,16002656434,21573862467,21703106502,22162208956,22731602970,24360795411,24524098185,28971589213,33111525872,34186190996,33433670512,36288830373
GDP (current US$),NY.GDP.MKTP.CD,Netherlands,NLD,4.73862E+11,5.8007E+11,6.5838E+11,6.85348E+11,7.33955E+11,8.48559E+11,9.5187E+11,8.71519E+11,8.47381E+11,9.05271E+11,8.38923E+11,8.77173E+11,8.92168E+11,7.65573E+11,7.8406E+11,8.3387E+11,9.14043E+11,9.10194E+11,9.09793E+11,1.01285E+12
GDP (current US$),NY.GDP.MKTP.CD,New Caledonia,NCL,3740057133,4915355784,5895011252,6238632284,6979153332,8819922042,9067623001,8704436169,9364347372,10351442209,9659153061,10151385306,10635039739,8738205837,8724570250,9173668102,9846922416,9438130987,9435529927,10071351960
GDP (current US$),NY.GDP.MKTP.CD,New Zealand,NZL,66627729311,88250885550,1.03905E+11,1.1472E+11,1.11539E+11,1.37189E+11,1.33131E+11,1.21374E+11,1.46518E+11,1.68291E+11,1.76207E+11,1.90907E+11,2.01313E+11,1.78064E+11,1.88838E+11,2.06624E+11,2.11953E+11,2.13435E+11,2.11735E+11,2.49886E+11
GDP (current US$),NY.GDP.MKTP.CD,Nicaragua,NIC,5224213018,5322454926,5795568205,6321335612,6763361733,7423313549,8496946608,8298679909,8758639096,9774307336,10532006608,10982979274,11880434071,12756706583,13286083645,13785909906,13025239912,12596636042,12586970511,14013022092
GDP (current US$),NY.GDP.MKTP.CD,Niger,NER,2782192987,3394084885,3760443966,4383315657,4756361480,5731485267,7297600897,7352131669,7851191899,8772951262,9426913349,10224897935,10862944204,9683867894,10398862245,11185102400,12808660528,12916455161,13744174690,14915001427
GDP (current US$),NY.GDP.MKTP.CD,Nigeria,NGA,95054094655,1.04739E+11,1.35765E+11,1.75671E+11,2.38455E+11,2.78261E+11,3.39476E+11,2.95009E+11,3.66991E+11,4.14467E+11,4.63971E+11,5.20117E+11,5.74184E+11,4.93027E+11,4.04649E+11,3.75746E+11,4.21739E+11,4.4812E+11,4.32199E+11,4.40834E+11
GDP (current US$),NY.GDP.MKTP.CD,North Macedonia,MKD,4018365247,4946292775,5682788267,6258600714,6861222332,8336478142,9909548411,9401731496,9407168702,10494632699,9745251126,10817712139,11362272838,10064515432,10672471861,11307058382,12683070061,12606338449,12363580535,13825049832
GDP (current US$),NY.GDP.MKTP.CD,Northern Mariana Islands,MNP,1284000000,1239000000,1210000000,1061000000,990000000,938000000,939000000,795000000,799000000,729000000,746000000,772000000,832000000,910000000,1230000000,1560000000,1302000000,1182000000,..,..
GDP (current US$),NY.GDP.MKTP.CD,Norway,NOR,1.95524E+11,2.28859E+11,2.64512E+11,3.08884E+11,3.45581E+11,4.00937E+11,4.6225E+11,3.8619E+11,4.28757E+11,4.98283E+11,5.09506E+11,5.22762E+11,4.9841E+11,3.85802E+11,3.68827E+11,3.98394E+11,4.37E+11,4.04941E+11,3.62198E+11,4.82175E+11
GDP (current US$),NY.GDP.MKTP.CD,Oman,OMN,20142756047,21633708192,24763712874,31081991678,37215779714,42085379454,60905452536,48388363589,64993498049,77497529259,87408842653,89936020806,92699089727,78710793238,75128738622,80856697009,91505851756,88060858257,75909397659,88191977373
GDP (current US$),NY.GDP.MKTP.CD,Pakistan,PAK,79904985385,91760542940,1.0776E+11,1.20055E+11,1.37264E+11,1.52386E+11,1.70078E+11,1.68153E+11,1.77166E+11,2.13587E+11,2.24384E+11,2.31219E+11,2.44361E+11,2.70556E+11,3.1363E+11,3.39206E+11,3.56128E+11,3.20909E+11,3.00426E+11,3.48263E+11
GDP (current US$),NY.GDP.MKTP.CD,Palau,PLW,163184900,153963200,165186200,190452900,192382400,198897700,198283900,187522800,185943000,196911100,212397800,221117200,241669800,280457700,298300000,285600000,284900000,278900000,251900000,217800000
GDP (current US$),NY.GDP.MKTP.CD,Panama,PAN,12994310400,13693981200,15013381700,16374393900,18141666300,21295984200,25155888600,27116635600,29440287600,34686224300,40429700000,45599900000,49921400000,54091800000,57907700000,62202700000,64929400000,66984400000,53977000000,63605100000
GDP (current US$),NY.GDP.MKTP.CD,Papua New Guinea,PNG,2999511040,3536411824,3927157867,4865892972,8355006707,9545177014,11670840932,11619637799,14250755231,17984910502,21295659244,21261432791,23210682538,21723531173,20759069103,22742613554,24109509853,24751344561,23848265896,26594305746
GDP (current US$),NY.GDP.MKTP.CD,Paraguay,PRY,7196260657,7691367471,9624440836,10737500188,13429430050,17856393235,24615267664,22355151162,27260886405,33756238767,33271921136,38501122141,40377929296,36211447840,36089700223,38997129474,40225448341,37925338329,35432178068,39495431574
GDP (current US$),NY.GDP.MKTP.CD,Peru,PER,54777553515,58731030122,66768703498,76060606061,88643193062,1.02171E+11,1.20551E+11,1.20823E+11,1.47529E+11,1.71762E+11,1.92649E+11,2.01175E+11,2.00789E+11,1.89805E+11,1.91896E+11,2.11007E+11,2.22597E+11,2.28323E+11,2.01705E+11,2.23249E+11
GDP (current US$),NY.GDP.MKTP.CD,Philippines,PHL,84307291974,87039145965,95002028505,1.0742E+11,1.27653E+11,1.5598E+11,1.81625E+11,1.75975E+11,2.08369E+11,2.34217E+11,2.61921E+11,2.83903E+11,2.97483E+11,3.06446E+11,3.18627E+11,3.28481E+11,3.46842E+11,3.76823E+11,3.61751E+11,3.94086E+11
GDP (current US$),NY.GDP.MKTP.CD,Poland,POL,1.99072E+11,2.17827E+11,2.5511E+11,3.06144E+11,3.44622E+11,4.29029E+11,5.33609E+11,4.39738E+11,4.75697E+11,5.24383E+11,4.95237E+11,5.15765E+11,5.39088E+11,4.77111E+11,4.70023E+11,5.24646E+11,5.88783E+11,5.96055E+11,5.99449E+11,6.79445E+11
GDP (current US$),NY.GDP.MKTP.CD,Portugal,PRT,1.34796E+11,1.65226E+11,1.89382E+11,1.97254E+11,2.08756E+11,2.40496E+11,2.63416E+11,2.44668E+11,2.38113E+11,2.45118E+11,2.16224E+11,2.26434E+11,2.29902E+11,1.99394E+11,2.06426E+11,2.21358E+11,2.42313E+11,2.39987E+11,2.29032E+11,2.53663E+11
GDP (current US$),NY.GDP.MKTP.CD,Puerto Rico,PRI,71623500000,74827400000,80322313000,83914521300,87276164400,89524131600,93639300000,96385600000,98381300000,1.00352E+11,1.01565E+11,1.0245E+11,1.02446E+11,1.03376E+11,1.04337E+11,1.03446E+11,1.00958E+11,1.05126E+11,1.0302E+11,1.06526E+11
GDP (current US$),NY.GDP.MKTP.CD,Qatar,QAT,19363736264,23533791209,31734065934,44530494505,60882142857,79712087912,1.1527E+11,97798351648,1.25122E+11,1.67775E+11,1.86834E+11,1.98728E+11,2.06225E+11,1.6174E+11,1.51732E+11,1.61099E+11,1.83335E+11,1.75838E+11,1.44411E+11,1.79677E+11
GDP (current US$),NY.GDP.MKTP.CD,Romania,ROU,46066101951,57806506024,74972669057,98452791983,1.22023E+11,1.74585E+11,2.14314E+11,1.74104E+11,1.70029E+11,1.92614E+11,1.79133E+11,1.8979E+11,1.99712E+11,1.77882E+11,1.85287E+11,2.10147E+11,2.43317E+11,2.51019E+11,2.51362E+11,2.84088E+11
GDP (current US$),NY.GDP.MKTP.CD,Russian Federation,RUS,3.4547E+11,4.30348E+11,5.91017E+11,7.64017E+11,9.89931E+11,1.29971E+12,1.66085E+12,1.22264E+12,1.52492E+12,2.04593E+12,2.2083E+12,2.29247E+12,2.05924E+12,1.36348E+12,1.27679E+12,1.5742E+12,1.65733E+12,1.69311E+12,1.48936E+12,1.77878E+12
GDP (current US$),NY.GDP.MKTP.CD,Rwanda,RWA,1964832512,2137156727,2375376873,2932340855,3318107347,4068224991,5177230923,5671592572,6121529488,6881379762,7650671477,7815975294,8234762201,8539424910,8690878328,9252834120,9642440646,10356327149,10184345442,11070356519
GDP (current US$),NY.GDP.MKTP.CD,Samoa,WSM,281793623.8,333428715.8,407749562.6,476801793.2,499923757.8,573548459.8,641346191.7,628006115.4,680250453.1,744104842.1,773157453.3,797728653.3,796698269.2,824160018.2,843929640,884847176.2,878435084.2,912944537.8,868904477.7,843842416.5
GDP (current US$),NY.GDP.MKTP.CD,San Marino,SMR,1168269231,1464326161,1723750000,1785847531,1908167106,2185874624,2393437820,2056126702,1881214371,1813752784,1604779648,1678841812,1673973695,1419394771,1468377272,1528630707,1655300873,1616188702,1541204338,..
GDP (current US$),NY.GDP.MKTP.CD,Sao Tome and Principe,STP,85171308.17,102085583.5,114582561.6,136450274.7,142775597.3,149146423.1,188021190.6,187820464.6,196652514.3,231489270.1,250680845.7,300554483.6,346528329.2,316066072.3,345495615,375614126.2,412253809.7,427425039.7,472551022.5,526653790.7
GDP (current US$),NY.GDP.MKTP.CD,Saudi Arabia,SAU,1.89606E+11,2.15808E+11,2.58742E+11,3.2846E+11,3.769E+11,4.15965E+11,5.19797E+11,4.29098E+11,5.28207E+11,6.71239E+11,7.35975E+11,7.46647E+11,7.5635E+11,6.5427E+11,6.44936E+11,6.88586E+11,8.16579E+11,8.03616E+11,7.03368E+11,8.33541E+11
GDP (current US$),NY.GDP.MKTP.CD,Senegal,SEN,7006402592,8768721956,10076817278,11009032665,11697918803,13994218939,16853991177,16145868285,16121314671,17814284622,17660871726,18918668644,19797254643,17774766636,19040312815,20996564752,23116897847,23398811424,24493157583,27625388352
GDP (current US$),NY.GDP.MKTP.CD,Serbia,SRB,17120906918,22482365322,26141968161,27683225959,32482070360,43170990616,52194221469,45162894381,41819468692,49258136129,43309252921,48394239475,47062206678,39655958843,40692643373,44179055280,50640650221,51514222382,53356480454,63082047650
GDP (current US$),NY.GDP.MKTP.CD,Seychelles,SYC,697518248.2,705704816,839319927.3,919103254.5,1016418229,1033561654,967199594,847397850.1,969936525.3,1065826670,1059498884,1328091522,1387581392,1416001322,1490228319,1573433081,1636312010,1684373490,1261198524,1454458184
GDP (current US$),NY.GDP.MKTP.CD,Sierra Leone,SLE,1253340520,1385810072,1448536631,1650494367,1885112202,2158496873,2505458705,2453899847,2578026297,2942546781,3801862611,4920343195,5015157816,4218723875,3674794530,3719369107,4085114794,4076578543,4063289450,4042237864
GDP (current US$),NY.GDP.MKTP.CD,Singapore,SGP,92537752709,97645448284,1.15035E+11,1.27808E+11,1.4863E+11,1.80942E+11,1.93612E+11,1.94152E+11,2.39809E+11,2.79351E+11,2.95087E+11,3.07576E+11,3.14851E+11,3.08004E+11,3.18832E+11,3.43193E+11,3.76998E+11,3.75473E+11,3.45296E+11,3.96987E+11
GDP (current US$),NY.GDP.MKTP.CD,Sint Maarten (Dutch part),SXM,..,..,..,..,..,..,..,..,..,936089385.5,985865921.8,1022905028,1245251397,1253072626,1263687151,1191620112,1185474860,..,..,..
GDP (current US$),NY.GDP.MKTP.CD,Slovak Republic,SVK,35297794386,46919965224,57437444469,62808723477,70767338922,86563986799,1.0088E+11,89399303222,91162836320,99922685425,94623731086,98935222175,1.01437E+11,88900883131,89952699525,95649966261,1.06138E+11,1.0572E+11,1.06697E+11,1.16527E+11
GDP (current US$),NY.GDP.MKTP.CD,Slovenia,SVN,23489890274,29634713641,34414784504,36206395971,39481045038,48067401207,55779427740,50567734886,48208240226,51583869785,46577793184,48415657265,49997186439,43107506024,44766722791,48589100043,54177882426,54331588482,53706800044,61748586535
GDP (current US$),NY.GDP.MKTP.CD,Solomon Islands,SLB,346405301.7,417671431.8,468008069.8,552862587.8,617254747.4,695295347.6,776339395.2,805561762.9,898133796.3,1063889652,1185215902,1285917750,1335579570,1307908070,1379482147,1469787256,1615479409,1619154819,1536148246,1631486532
GDP (current US$),NY.GDP.MKTP.CD,Somalia,SOM,..,..,..,..,..,..,..,..,..,..,..,4577000000,5024999992,5335000000,5534000000,5609000000,5856000006,6485000000,6883000000,7628000011
GDP (current US$),NY.GDP.MKTP.CD,South Africa,ZAF,1.29088E+11,1.9702E+11,2.55807E+11,2.88868E+11,3.03861E+11,3.33075E+11,3.16132E+11,3.29753E+11,4.17365E+11,4.58202E+11,4.34401E+11,4.00886E+11,3.81199E+11,3.4671E+11,3.23586E+11,3.81449E+11,4.0416E+11,3.88532E+11,3.3762E+11,4.19015E+11
GDP (current US$),NY.GDP.MKTP.CD,South Sudan,SSD,..,..,..,..,..,..,14586253383,12231264525,14602072411,14907308933,11931472169,18426469017,13962212847,11997800760,..,..,..,..,..,..
GDP (current US$),NY.GDP.MKTP.CD,Spain,ESP,7.08757E+11,9.07492E+11,1.06906E+12,1.15372E+12,1.2604E+12,1.474E+12,1.63186E+12,1.49147E+12,1.42211E+12,1.48071E+12,1.32475E+12,1.35558E+12,1.37182E+12,1.19616E+12,1.23355E+12,1.31325E+12,1.4217E+12,1.39432E+12,1.27696E+12,1.42738E+12
GDP (current US$),NY.GDP.MKTP.CD,Sri Lanka,LKA,16536535647,18881765437,20662525941,24405791045,28279814925,32350248411,40713812310,42066217872,58636150710,67753288946,70447191496,77000596661,82528526230,85140963537,88012262257,94376246467,94493847352,89014990792,85349112171,88927263725
GDP (current US$),NY.GDP.MKTP.CD,St. Kitts and Nevis,KNA,481077373.7,469869869.9,506900000,547203703.7,644414814.8,689285185.2,777691333.3,774273111.1,778718111.1,836092407.4,826231629.6,875376407.4,953174074.1,957040740.7,1008100000,1058937037,1076911111,1107840741,884525925.9,860840740.7
GDP (current US$),NY.GDP.MKTP.CD,St. Lucia,LCA,900000000,987407407.4,1066666667,1135555556,1268319185,1336088815,1437731111,1401507889,1486758037,1576988407,1605146778,1664816741,1749289303,1807227215,1865459670,1996710563,2057067919,2094201725,1516015719,1691275157
GDP (current US$),NY.GDP.MKTP.CD,St. Martin (French part),MAF,..,..,..,..,..,..,..,..,..,775890868.6,..,..,772950710.8,..,..,..,..,..,..,..
GDP (current US$),NY.GDP.MKTP.CD,St. Vincent and the Grenadines,VCT,487763851.9,509090888.9,549900185.2,579948925.9,643501148.1,713596666.7,732663259.3,714300259.3,720447888.9,713796370.4,730032592.6,764781259.3,770901444.4,786554592.6,814302259.3,847620222.2,884328185.2,910149703.7,872134555.6,904181492.8
GDP (current US$),NY.GDP.MKTP.CD,Sudan,SDN,18136839087,21355576673,26645490675,35182105414,45264519503,59440139775,64831935604,58316191440,74151186600,78403418360,63195499524,66026600235,76818327442,84985132167,1.02944E+11,1.29718E+11,32333780383,32338079165,27034593750,34326058557
GDP (current US$),NY.GDP.MKTP.CD,Suriname,SUR,1093574468,1274190311,1484092538,1793388732,2626380435,2936612022,3532969035,3875409836,4368398048,4422276622,4980000000,5145757576,5240606061,5126188135,3317437626,3591660724,3996204757,4016040575,2911807496,2984706244
GDP (current US$),NY.GDP.MKTP.CD,Sweden,SWE,2.66849E+11,3.34337E+11,3.85118E+11,3.92218E+11,4.23093E+11,4.91253E+11,5.17706E+11,4.36537E+11,4.95813E+11,5.74094E+11,5.52484E+11,5.86842E+11,5.81964E+11,5.05104E+11,5.15655E+11,5.41019E+11,5.55455E+11,5.3388E+11,5.47054E+11,6.35664E+11
GDP (current US$),NY.GDP.MKTP.CD,Switzerland,CHE,3.09301E+11,3.62075E+11,4.03913E+11,4.18285E+11,4.41635E+11,4.90741E+11,5.67268E+11,5.54213E+11,5.98851E+11,7.15888E+11,6.8642E+11,7.06235E+11,7.26538E+11,6.94118E+11,6.87895E+11,6.95201E+11,7.25569E+11,7.21369E+11,7.39914E+11,8.0064E+11
GDP (current US$),NY.GDP.MKTP.CD,Syrian Arab Republic,SYR,90558485523,95693808463,1.12863E+11,1.34204E+11,1.538E+11,1.8003E+11,2.1809E+11,2.24562E+11,2.52518E+11,67539427671,43190317725,21361254648,21502061462,16468399180,12598742887,16369724433,21351730539,22443299775,11079795397,..
GDP (current US$),NY.GDP.MKTP.CD,Tajikistan,TJK,1221120799,1555301496,2076182461,2312327536,2830220713,3719506173,5161337336,4979481980,5642178580,6522732203,7633049792,8448469838,9112544556,8271454301,6992393787,7536439875,7765014424,8300784857,8133996648,8746270636
GDP (current US$),NY.GDP.MKTP.CD,Tanzania,TZA,14142035080,15224257698,16675948415,18399046025,18649590248,21843529025,27961527623,29081826159,32014247548,34657141721,39650522646,45680532614,49964825081,47378603784,49774004999,53320647489,57003685912,61136873692,62409709111,67841049193
GDP (current US$),NY.GDP.MKTP.CD,Thailand,THA,1.34301E+11,1.52281E+11,1.72896E+11,1.89319E+11,2.21758E+11,2.62942E+11,2.91383E+11,2.8171E+11,3.41105E+11,3.70819E+11,3.97558E+11,4.20333E+11,4.07339E+11,4.01296E+11,4.13366E+11,4.56357E+11,5.06755E+11,5.44081E+11,4.99682E+11,5.05947E+11
GDP (current US$),NY.GDP.MKTP.CD,Timor-Leste,TLS,469506692.6,490439064.4,440764572.1,462283556.7,453805097.3,542795446.5,648492745.9,726882390.2,881827794.9,1042411479,1160389551,1395519568,1447310449,1594447631,1650619370,1595724261,1563887944,2028551628,2158392540,3621222382
GDP (current US$),NY.GDP.MKTP.CD,Togo,TGO,1706698099,2115836353,2259992642,2281482855,2351584608,2662612348,3323677130,3379258565,3429461495,3872459250,3873308389,4321655656,4574986537,4180866177,6031632168,6395472574,7112200725,7220395248,7574636979,8413200568
GDP (current US$),NY.GDP.MKTP.CD,Tonga,TON,182763693.9,202246959.7,230657965.5,261797606.1,292232117.1,298513956.2,344428609,312377379.3,366840012.4,414523388.5,470714083.4,450643615.2,439878828,437006227.2,420540178.6,460379145,488903272.9,512057749,484806718.3,469231309.5
GDP (current US$),NY.GDP.MKTP.CD,Trinidad and Tobago,TTO,9008273721,11305459802,13280275123,15982282462,18369361094,21641620050,27871587350,19172165226,22157948396,25433011405,27121712423,28557451143,29489012807,26851970254,23496215885,23797686966,24322359035,23849557812,21059428851,24460196271
GDP (current US$),NY.GDP.MKTP.CD,Tunisia,TUN,23142153760,27453007373,31183059012,32273007554,34377310293,38914078352,44860969077,43454935940,46206091938,48122744708,47311159485,48684187850,50271072628,45780077488,44360754190,42163966273,42685972269,41906113686,42537832456,46686741814
GDP (current US$),NY.GDP.MKTP.CD,Turkiye,TUR,2.40253E+11,3.14592E+11,4.08876E+11,5.06308E+11,5.57058E+11,6.81337E+11,7.70462E+11,6.49273E+11,7.76993E+11,8.38763E+11,8.80556E+11,9.57783E+11,9.38953E+11,8.64317E+11,8.69693E+11,8.58996E+11,7.78472E+11,7.59937E+11,7.20289E+11,8.19035E+11
GDP (current US$),NY.GDP.MKTP.CD,Turkmenistan,TKM,4461978499,5977560877,6838351088,8103901996,10276674365,12664165103,19271523179,20214385965,22583157895,29233333333,35164210526,39197543860,43524210526,35799714286,36169428571,37926285714,40765428571,45231428571,..,..
GDP (current US$),NY.GDP.MKTP.CD,Turks and Caicos Islands,TCA,366707900,409753600,485598800,578645800,721891500,773489700,862683600,703175800,686787800,728789600,727161000,754238000,841070000,942070000,1032452000,1022365000,1113178000,1197415000,924583000,943269800
GDP (current US$),NY.GDP.MKTP.CD,Tuvalu,TUV,16842334.02,19456514.69,22797470.22,22909507.45,24096385.54,28449502.13,31873846.67,28076743.1,32104201.06,39195461.58,39345620.21,38617493.72,38759689.92,36811659.53,41629497.47,45217657.88,47818290.5,54223149.11,55054710.62,63100961.54
GDP (current US$),NY.GDP.MKTP.CD,Uganda,UGA,6178563591,6606884391,7939487474,9239221859,9977647645,11902564401,14440404021,25127805566,26673441667,27871725206,27305915761,28915786997,32612397758,32387183845,29203988815,30744473912,32927025573,35353060634,37600368181,40529789026
GDP (current US$),NY.GDP.MKTP.CD,Ukraine,UKR,43956369917,52010238716,67220154164,89239370109,1.11885E+11,1.48734E+11,1.88111E+11,1.21553E+11,1.4121E+11,1.69333E+11,1.82592E+11,1.90499E+11,1.33503E+11,91030959455,93355993629,1.12091E+11,1.30891E+11,1.53883E+11,1.56618E+11,2.00086E+11
GDP (current US$),NY.GDP.MKTP.CD,United Arab Emirates,ARE,1.09816E+11,1.24346E+11,1.47824E+11,1.80617E+11,2.22117E+11,2.57916E+11,3.15475E+11,2.53547E+11,2.89787E+11,3.50666E+11,3.8461E+11,4.00219E+11,4.14105E+11,3.70275E+11,3.69255E+11,3.90517E+11,4.27049E+11,4.1799E+11,3.49473E+11,4.15022E+11
GDP (current US$),NY.GDP.MKTP.CD,United Kingdom,GBR,1.78584E+12,2.05661E+12,2.42296E+12,2.54481E+12,2.70991E+12,3.09282E+12,2.9315E+12,2.41764E+12,2.4914E+12,2.6664E+12,2.70634E+12,2.78632E+12,3.06522E+12,2.93486E+12,2.69966E+12,2.6834E+12,2.87815E+12,2.85706E+12,2.70461E+12,3.13138E+12
GDP (current US$),NY.GDP.MKTP.CD,United States,USA,1.09291E+13,1.14564E+13,1.22172E+13,1.30392E+13,1.38156E+13,1.44742E+13,1.47699E+13,1.44781E+13,1.5049E+13,1.55997E+13,1.6254E+13,1.68432E+13,1.75507E+13,1.8206E+13,1.86951E+13,1.94773E+13,2.05331E+13,2.1381E+13,2.10605E+13,2.33151E+13
GDP (current US$),NY.GDP.MKTP.CD,Uruguay,URY,13606494599,12045631093,13686329890,17362857684,19579457966,23410572634,30366213119,31660911277,40284481652,47962439304,51264390116,57531233351,57236013086,53274304222,57236652490,64233966861,64515038268,61231149881,53560755047,59319484711
GDP (current US$),NY.GDP.MKTP.CD,Uzbekistan,UZB,9687788513,10134453435,12030023548,14307509839,17330833853,22311393928,29549438884,33689223673,49765676402,60178909297,67517349212,73180036692,80845384375,86196265192,86138288615,62081323299,52633143808,59907674027,59894305353,69238903106
GDP (current US$),NY.GDP.MKTP.CD,Vanuatu,VUT,262596597.8,314471328.1,364996869.1,394962552.3,439358717.6,516392922.5,590748237,592622502.4,670713208.1,770153304.2,747839697.7,758304466.2,772315721.3,730870581.7,780889605.9,880062103,914736985.4,936526267.6,896879875.2,956332655.7
GDP (current US$),NY.GDP.MKTP.CD,"Venezuela, RB",VEN,92893587734,83620628582,1.12453E+11,1.4551E+11,1.83478E+11,2.30364E+11,3.15953E+11,3.29788E+11,3.93192E+11,3.16482E+11,3.81286E+11,3.71005E+11,4.82359E+11,..,..,..,..,..,..,..
GDP (current US$),NY.GDP.MKTP.CD,Vietnam,VNM,35064105501,39552513316,45427854693,57633255618,66371664817,77414425532,99130304099,1.06015E+11,1.47201E+11,1.72595E+11,1.95591E+11,2.13709E+11,2.33451E+11,2.39258E+11,2.57096E+11,2.81354E+11,3.10106E+11,3.34365E+11,3.46616E+11,3.66138E+11
GDP (current US$),NY.GDP.MKTP.CD,Virgin Islands (U.S.),VIR,3262000000,3443000000,3797000000,4428000000,4484000000,4784000000,4244000000,4201000000,4324000000,4223000000,4089000000,3738000000,3565000000,3663000000,3798000000,3794000000,3922000000,4117000000,4204000000,..
GDP (current US$),NY.GDP.MKTP.CD,West Bank and Gaza,PSE,3555800000,3968000000,4603100000,5125700000,5348300000,5815700000,7310400000,8085700000,9681500000,11186100000,12208400000,13515500000,13989700000,13972400000,15405400000,16128000000,16276600000,17133500000,15531700000,18036800000
GDP (current US$),NY.GDP.MKTP.CD,"Yemen, Rep.",YEM,10694628092,11777966673,13872791659,16746344766,19061978586,21650532264,26910851362,25130274124,30906749533,32726417878,35401323350,40415233436,43228585321,42444495590,31317828584,26842231205,21606161066,..,..,..
GDP (current US$),NY.GDP.MKTP.CD,Zambia,ZMB,4193845678,4901839731,6221077675,8331870169,12756858899,14056957976,17910858638,15328342304,20265559484,23459515276,25503060420,28037239463,27141023558,21251216799,20958412538,25873601261,26311590297,23308667781,18110631358,22147634727
GDP (current US$),NY.GDP.MKTP.CD,Zimbabwe,ZWE,6342116400,5727591800,5805598400,5755215200,5443896500,5291950100,4415702800,9665793264,12041655180,14101920310,17114849880,19091019990,19495519630,19963120610,20548678070,17584890937,34156069918,21832234926,21509698406,28371238666
GDP (current US$),NY.GDP.MKTP.CD,Africa Eastern and Southern,AFE,2.64873E+11,3.52662E+11,4.38838E+11,5.12217E+11,5.75703E+11,6.60805E+11,7.08095E+11,7.19071E+11,8.60332E+11,9.64181E+11,9.72573E+11,9.83473E+11,1.00377E+12,9.24523E+11,8.82721E+11,1.02112E+12,1.00724E+12,1.00102E+12,9.27484E+11,1.08071E+12
GDP (current US$),NY.GDP.MKTP.CD,Arab World,ARB,8.03123E+11,8.87852E+11,1.05625E+12,1.29789E+12,1.53829E+12,1.79004E+12,2.25373E+12,1.9788E+12,2.327E+12,2.54186E+12,2.78717E+12,2.84353E+12,2.89546E+12,2.53893E+12,2.51649E+12,2.59809E+12,2.80043E+12,2.8185E+12,2.49081E+12,2.86072E+12
GDP (current US$),NY.GDP.MKTP.CD,Caribbean small states,CSS,37324413479,39887628736,43625651969,49307102490,56074282811,62328931282,70781392493,59840576906,64943467922,70083173169,73852722208,75232098979,76921757096,75669285316,71061689480,73590179850,76350610223,77428424854,65896805290,75295300457
GDP (current US$),NY.GDP.MKTP.CD,Central Europe and the Baltics,CEB,5.28404E+11,6.3416E+11,7.63251E+11,8.86879E+11,1.00294E+12,1.26689E+12,1.53314E+12,1.29109E+12,1.3183E+12,1.45532E+12,1.35903E+12,1.41696E+12,1.46269E+12,1.29282E+12,1.31647E+12,1.46146E+12,1.64947E+12,1.67508E+12,1.6649E+12,1.90194E+12
GDP (current US$),NY.GDP.MKTP.CD,Early-demographic dividend,EAR,3.26419E+12,3.63286E+12,4.22973E+12,4.932E+12,5.63908E+12,6.67211E+12,7.52411E+12,7.26219E+12,8.80498E+12,9.71865E+12,1.01563E+13,1.02976E+13,1.06514E+13,1.01317E+13,1.04582E+13,1.12951E+13,1.14219E+13,1.16379E+13,1.08496E+13,1.26332E+13
GDP (current US$),NY.GDP.MKTP.CD,East Asia & Pacific (excluding high income),EAP,2.04436E+12,2.31183E+12,2.68243E+12,3.10699E+12,3.74083E+12,4.7279E+12,5.97896E+12,6.48467E+12,7.8895E+12,9.64553E+12,1.07592E+13,1.18711E+13,1.27988E+13,1.33276E+13,1.36125E+13,1.48773E+13,1.66404E+13,1.72079E+13,1.74869E+13,2.07518E+13
GDP (current US$),NY.GDP.MKTP.CD,East Asia & Pacific (IDA & IBRD countries),TEA,2.04129E+12,2.30842E+12,2.67857E+12,3.10261E+12,3.73566E+12,4.72148E+12,5.97093E+12,6.47589E+12,7.87908E+12,9.63293E+12,1.07451E+13,1.18557E+13,1.27822E+13,1.33103E+13,1.35948E+13,1.48581E+13,1.6619E+13,1.71857E+13,1.74644E+13,2.07252E+13
GDP (current US$),NY.GDP.MKTP.CD,Europe & Central Asia,ECS,1.11344E+13,1.3536E+13,1.57764E+13,1.67822E+13,1.81691E+13,2.12296E+13,2.33652E+13,2.05492E+13,2.10217E+13,2.33055E+13,2.24498E+13,2.34525E+13,2.37797E+13,2.04841E+13,2.04186E+13,2.16539E+13,2.31936E+13,2.291E+13,2.214E+13,2.50828E+13
GDP (current US$),NY.GDP.MKTP.CD,Europe & Central Asia (excluding high income),ECA,7.50711E+11,9.47224E+11,1.25604E+12,1.58962E+12,1.95008E+12,2.50949E+12,3.11042E+12,2.43779E+12,2.95306E+12,3.67001E+12,3.9147E+12,4.15023E+12,3.84583E+12,2.9214E+12,2.77773E+12,3.11819E+12,3.18254E+12,3.24864E+12,2.98263E+12,3.51737E+12
GDP (current US$),NY.GDP.MKTP.CD,European Union,EUU,8.08407E+12,9.93194E+12,1.14191E+13,1.19109E+13,1.27139E+13,1.47288E+13,1.62978E+13,1.4764E+13,1.45579E+13,1.57656E+13,1.46421E+13,1.52945E+13,1.56497E+13,1.35525E+13,1.3889E+13,1.47649E+13,1.59808E+13,1.56934E+13,1.53694E+13,1.71774E+13
GDP (current US$),NY.GDP.MKTP.CD,Fragile and conflict affected situations,FCS,5.1482E+11,5.3966E+11,6.80934E+11,8.56146E+11,1.06025E+12,1.2916E+12,1.63595E+12,1.512E+12,1.78907E+12,1.68254E+12,1.88559E+12,1.95725E+12,2.07651E+12,1.6586E+12,1.55475E+12,1.64492E+12,1.72958E+12,1.79432E+12,1.67052E+12,1.78734E+12
GDP (current US$),NY.GDP.MKTP.CD,IBRD only,IBD,6.01325E+12,6.76057E+12,8.05781E+12,9.63445E+12,1.1426E+13,1.41915E+13,1.70331E+13,1.6522E+13,2.00996E+13,2.37969E+13,2.52903E+13,2.6685E+13,2.75969E+13,2.58543E+13,2.60599E+13,2.87701E+13,3.06032E+13,3.12506E+13,3.0069E+13,3.55114E+13
GDP (current US$),NY.GDP.MKTP.CD,IDA blend,IDB,2.27772E+11,2.56312E+11,3.11522E+11,3.72743E+11,4.69296E+11,5.41128E+11,6.39864E+11,6.06811E+11,7.15434E+11,8.23734E+11,9.09022E+11,9.89433E+11,1.0768E+12,1.01769E+12,9.77135E+11,9.598E+11,1.04839E+12,1.04264E+12,1.00207E+12,1.09648E+12
GDP (current US$),NY.GDP.MKTP.CD,Late-demographic dividend,LTE,3.73188E+12,4.25187E+12,5.11066E+12,6.16628E+12,7.44093E+12,9.37412E+12,1.16529E+13,1.12595E+13,1.35445E+13,1.65084E+13,1.76693E+13,1.90293E+13,1.9771E+13,1.85456E+13,1.85935E+13,2.06293E+13,2.26208E+13,2.3047E+13,2.24934E+13,2.66221E+13
GDP (current US$),NY.GDP.MKTP.CD,Latin America & Caribbean,LCN,2.01436E+12,2.05554E+12,2.36813E+12,2.86301E+12,3.35139E+12,3.94863E+12,4.59025E+12,4.31327E+12,5.34763E+12,6.08641E+12,6.15223E+12,6.30381E+12,6.42818E+12,5.37209E+12,5.2496E+12,5.83186E+12,5.70298E+12,5.61871E+12,4.74237E+12,5.45443E+12
GDP (current US$),NY.GDP.MKTP.CD,Latin America & Caribbean (excluding high income),LAC,1.7206E+12,1.75968E+12,2.00859E+12,2.43262E+12,2.83942E+12,3.35604E+12,3.88319E+12,3.60539E+12,4.51375E+12,5.27594E+12,5.24829E+12,5.38639E+12,5.4111E+12,4.59949E+12,4.47002E+12,4.98562E+12,4.84146E+12,4.77398E+12,3.99765E+12,4.5851E+12
GDP (current US$),NY.GDP.MKTP.CD,Latin America & the Caribbean (IDA & IBRD countries),TLA,1.8871E+12,1.92228E+12,2.22533E+12,2.70909E+12,3.1858E+12,3.77306E+12,4.40805E+12,4.12907E+12,5.1583E+12,5.88471E+12,5.94445E+12,6.09123E+12,6.21106E+12,5.14381E+12,5.01517E+12,5.59236E+12,5.46129E+12,5.36742E+12,4.49446E+12,5.18313E+12
GDP (current US$),NY.GDP.MKTP.CD,Low income,LIC,2.05092E+11,2.24726E+11,2.64094E+11,3.15901E+11,3.69577E+11,4.43704E+11,5.32808E+11,5.42682E+11,6.12936E+11,4.55402E+11,4.37324E+11,4.49077E+11,4.79752E+11,4.747E+11,4.70848E+11,5.27426E+11,4.54007E+11,4.79064E+11,4.68217E+11,5.06017E+11
GDP (current US$),NY.GDP.MKTP.CD,Middle East & North Africa,MEA,1.03987E+12,1.1528E+12,1.36104E+12,1.63698E+12,1.91768E+12,2.26443E+12,2.82111E+12,2.54874E+12,2.97677E+12,3.35414E+12,3.62753E+12,3.56565E+12,3.59221E+12,3.16419E+12,3.19232E+12,3.31325E+12,3.47725E+12,3.47236E+12,3.11519E+12,3.6768E+12
GDP (current US$),NY.GDP.MKTP.CD,Middle East & North Africa (IDA & IBRD countries),TMN,5.19902E+11,5.67774E+11,6.74692E+11,7.96901E+11,9.29714E+11,1.13459E+12,1.39962E+12,1.36225E+12,1.57045E+12,1.6165E+12,1.74393E+12,1.60162E+12,1.58687E+12,1.4251E+12,1.46044E+12,1.44815E+12,1.37453E+12,1.37668E+12,1.25762E+12,1.4724E+12
GDP (current US$),NY.GDP.MKTP.CD,Middle income,MIC,5.9593E+12,6.71913E+12,7.97699E+12,9.49502E+12,1.12716E+13,1.393E+13,1.66634E+13,1.62792E+13,1.98588E+13,2.36905E+13,2.52544E+13,2.67535E+13,2.76622E+13,2.62096E+13,2.64491E+13,2.90571E+13,3.09043E+13,3.15903E+13,3.04686E+13,3.58451E+13
GDP (current US$),NY.GDP.MKTP.CD,North America,NAC,1.16937E+13,1.23562E+13,1.32484E+13,1.42172E+13,1.5141E+13,1.59498E+13,1.63298E+13,1.58593E+13,1.66729E+13,1.73994E+13,1.80887E+13,1.86963E+13,1.93628E+13,1.97692E+13,2.023E+13,2.11337E+13,2.22656E+13,2.31304E+13,2.27128E+13,2.53107E+13
GDP (current US$),NY.GDP.MKTP.CD,Not classified,INX,..,..,..,..,..,..,..,..,..,..,..,..,..,..,..,..,..,..,..,..
GDP (current US$),NY.GDP.MKTP.CD,OECD members,OED,2.85627E+13,3.19506E+13,3.5572E+13,3.76083E+13,3.96728E+13,4.34342E+13,4.61195E+13,4.31431E+13,4.52535E+13,4.86715E+13,4.86193E+13,4.92672E+13,5.02755E+13,4.74088E+13,4.83254E+13,5.04439E+13,5.33658E+13,5.38786E+13,5.25171E+13,5.82684E+13
GDP (current US$),NY.GDP.MKTP.CD,Other small states,OSS,98336893843,1.22186E+11,1.51592E+11,1.83618E+11,2.15567E+11,2.63683E+11,3.22811E+11,2.77036E+11,3.22389E+11,3.96801E+11,4.138E+11,4.31883E+11,4.46441E+11,3.70322E+11,3.66357E+11,3.98943E+11,4.42888E+11,4.33363E+11,3.78315E+11,4.53948E+11
GDP (current US$),NY.GDP.MKTP.CD,Pacific island small states,PSS,3558833327,4239147582,4877984934,5419206980,5688861876,6273720832,6704430279,6031363161,6634292997,7737745797,8194344980,8527969870,9269083213,9056069036,9506189696,10256217497,10753159457,10736233419,9515995237,9481916212
GDP (current US$),NY.GDP.MKTP.CD,Post-demographic dividend,PST,2.72685E+13,3.05717E+13,3.39709E+13,3.57424E+13,3.76049E+13,4.10437E+13,4.34765E+13,4.09295E+13,4.26909E+13,4.58473E+13,4.57751E+13,4.62299E+13,4.71445E+13,4.45828E+13,4.55905E+13,4.75323E+13,5.03801E+13,5.08793E+13,4.96978E+13,5.49727E+13
GDP (current US$),NY.GDP.MKTP.CD,Pre-demographic dividend,PRE,3.03506E+11,3.30227E+11,4.11841E+11,5.14432E+11,6.50085E+11,7.86946E+11,9.82482E+11,8.98165E+11,1.05618E+12,1.23057E+12,1.33767E+12,1.46738E+12,1.55771E+12,1.32963E+12,1.2144E+12,1.29404E+12,1.34787E+12,1.39374E+12,1.31006E+12,1.42705E+12
GDP (current US$),NY.GDP.MKTP.CD,Small states,SST,1.39211E+11,1.66302E+11,2.00085E+11,2.38335E+11,2.77323E+11,3.32281E+11,4.00297E+11,3.42906E+11,3.93967E+11,4.74622E+11,4.95847E+11,5.15643E+11,5.32632E+11,4.55047E+11,4.46925E+11,4.8279E+11,5.29991E+11,5.21528E+11,4.53728E+11,5.38706E+11
GDP (current US$),NY.GDP.MKTP.CD,South Asia,SAS,6.77427E+11,7.91027E+11,9.17083E+11,1.0506E+12,1.19609E+12,1.50416E+12,1.52761E+12,1.68317E+12,2.06247E+12,2.27734E+12,2.3024E+12,2.36271E+12,2.58779E+12,2.70484E+12,3.01076E+12,3.43388E+12,3.53421E+12,3.65395E+12,3.48701E+12,4.08877E+12
GDP (current US$),NY.GDP.MKTP.CD,South Asia (IDA & IBRD),TSA,6.77427E+11,7.91027E+11,9.17083E+11,1.0506E+12,1.19609E+12,1.50416E+12,1.52761E+12,1.68317E+12,2.06247E+12,2.27734E+12,2.3024E+12,2.36271E+12,2.58779E+12,2.70484E+12,3.01076E+12,3.43388E+12,3.53421E+12,3.65395E+12,3.48701E+12,4.08877E+12
GDP (current US$),NY.GDP.MKTP.CD,Sub-Saharan Africa,SSF,4.40948E+11,5.55992E+11,6.90877E+11,8.20839E+11,9.70372E+11,1.12424E+12,1.27449E+12,1.22584E+12,1.45713E+12,1.64429E+12,1.70839E+12,1.81569E+12,1.89627E+12,1.69148E+12,1.57327E+12,1.70487E+12,1.7736E+12,1.79574E+12,1.71228E+12,1.9209E+12
GDP (current US$),NY.GDP.MKTP.CD,Sub-Saharan Africa (excluding high income),SSA,4.40245E+11,5.55282E+11,6.90033E+11,8.19916E+11,9.69352E+11,1.12321E+12,1.27352E+12,1.225E+12,1.45616E+12,1.64323E+12,1.70733E+12,1.81436E+12,1.89488E+12,1.69006E+12,1.57178E+12,1.70329E+12,1.77196E+12,1.79405E+12,1.71102E+12,1.91944E+12
GDP (current US$),NY.GDP.MKTP.CD,Sub-Saharan Africa (IDA & IBRD countries),TSS,4.40948E+11,5.55992E+11,6.90877E+11,8.20839E+11,9.70372E+11,1.12424E+12,1.27449E+12,1.22584E+12,1.45713E+12,1.64429E+12,1.70839E+12,1.81569E+12,1.89627E+12,1.69148E+12,1.57327E+12,1.70487E+12,1.7736E+12,1.79574E+12,1.71228E+12,1.9209E+12
GDP (current US$),NY.GDP.MKTP.CD,Upper middle income,UMC,4.29795E+12,4.81182E+12,5.76748E+12,6.93093E+12,8.23404E+12,1.0201E+13,1.24435E+13,1.19832E+13,1.46043E+13,1.76476E+13,1.89148E+13,2.03066E+13,2.09396E+13,1.96635E+13,1.95498E+13,2.16448E+13,2.33045E+13,2.36817E+13,2.28514E+13,2.71041E+13
GDP (current US$),NY.GDP.MKTP.CD,World,WLD,3.4918E+13,3.91523E+13,4.4124E+13,4.77844E+13,5.17802E+13,5.83495E+13,6.41208E+13,6.08041E+13,6.66058E+13,7.38576E+13,7.55012E+13,7.76072E+13,7.97332E+13,7.51878E+13,7.64615E+13,8.14007E+13,8.64569E+13,8.76453E+13,8.51056E+13,9.65131E+13
GDP (current US$),NY.GDP.MKTP.CD,Euro area,EMU,7.20016E+12,8.86233E+12,1.01604E+13,1.05235E+13,1.1184E+13,1.28791E+13,1.41583E+13,1.29385E+13,1.26417E+13,1.36379E+13,1.26388E+13,1.31963E+13,1.35101E+13,1.16755E+13,1.19737E+13,1.26797E+13,1.36982E+13,1.34182E+13,1.30855E+13,1.45633E+13
GDP (current US$),NY.GDP.MKTP.CD,East Asia & Pacific,EAS,7.91187E+12,8.69926E+12,9.75692E+12,1.04096E+13,1.10317E+13,1.2326E+13,1.42108E+13,1.4623E+13,1.70664E+13,1.97906E+13,2.11722E+13,2.14107E+13,2.20862E+13,2.19972E+13,2.2772E+13,2.43249E+13,2.64823E+13,2.70283E+13,2.71273E+13,3.09117E+13
GDP (current US$),NY.GDP.MKTP.CD,Africa Western and Central,AFW,1.76606E+11,2.04471E+11,2.53472E+11,3.10094E+11,3.95656E+11,4.64426E+11,5.66479E+11,5.0703E+11,5.97129E+11,6.80456E+11,7.3604E+11,8.32217E+11,8.92498E+11,7.66958E+11,6.90545E+11,6.83748E+11,7.6636E+11,7.94719E+11,7.848E+11,8.40187E+11
GDP (current US$),NY.GDP.MKTP.CD,IDA & IBRD total,IBT,6.59029E+12,7.40312E+12,8.81377E+12,1.05189E+13,1.24838E+13,1.54303E+13,1.85097E+13,1.7991E+13,2.17867E+13,2.55061E+13,2.70908E+13,2.86418E+13,2.97073E+13,2.79125E+13,2.81589E+13,3.09637E+13,3.28812E+13,3.35904E+13,3.23932E+13,3.80464E+13
GDP (current US$),NY.GDP.MKTP.CD,IDA total,IDA,5.78033E+11,6.43578E+11,7.57041E+11,8.85455E+11,1.05917E+12,1.23938E+12,1.47712E+12,1.46958E+12,1.68756E+12,1.70915E+12,1.80032E+12,1.9568E+12,2.11033E+12,2.05703E+12,2.0975E+12,2.19323E+12,2.27801E+12,2.33971E+12,2.32336E+12,2.5353E+12
GDP (current US$),NY.GDP.MKTP.CD,Europe & Central Asia (IDA & IBRD countries),TEC,1.02303E+12,1.25796E+12,1.62819E+12,2.04009E+12,2.46764E+12,3.17375E+12,3.92928E+12,3.11496E+12,3.65946E+12,4.45041E+12,4.64644E+12,4.91482E+12,4.64305E+12,3.62663E+12,3.48544E+12,3.90931E+12,4.07695E+12,4.15804E+12,3.89172E+12,4.55039E+12
GDP (current US$),NY.GDP.MKTP.CD,Heavily indebted poor countries (HIPC),HPC,1.84454E+11,2.09063E+11,2.40953E+11,2.76909E+11,3.26496E+11,3.91442E+11,4.65747E+11,4.70588E+11,5.19994E+11,5.83417E+11,6.05164E+11,6.73577E+11,7.15285E+11,6.94414E+11,7.28776E+11,8.08901E+11,7.70865E+11,7.97816E+11,8.03433E+11,8.92066E+11
GDP (current US$),NY.GDP.MKTP.CD,IDA only,IDX,3.51119E+11,3.88143E+11,4.46258E+11,5.13333E+11,5.89934E+11,6.98551E+11,8.37766E+11,8.63413E+11,9.72777E+11,8.85604E+11,8.91299E+11,9.67368E+11,1.03353E+12,1.03933E+12,1.12036E+12,1.23343E+12,1.22962E+12,1.29706E+12,1.32129E+12,1.4388E+12
GDP (current US$),NY.GDP.MKTP.CD,Least developed countries: UN classification,LDC,2.30267E+11,2.58401E+11,2.98771E+11,3.53237E+11,4.09618E+11,4.9167E+11,6.00005E+11,6.03845E+11,6.85967E+11,7.96892E+11,8.37765E+11,9.13247E+11,9.81461E+11,9.50595E+11,9.88193E+11,1.10398E+12,1.08832E+12,1.14253E+12,1.16243E+12,1.26454E+12
GDP (current US$),NY.GDP.MKTP.CD,Middle East & North Africa (excluding high income),MNA,5.23457E+11,5.71742E+11,6.79295E+11,8.02027E+11,9.35062E+11,1.14041E+12,1.40693E+12,1.37034E+12,1.58013E+12,1.62769E+12,1.75613E+12,1.61513E+12,1.60086E+12,1.43907E+12,1.47584E+12,1.46428E+12,1.39081E+12,1.39381E+12,1.27315E+12,1.49044E+12
GDP (current US$),NY.GDP.MKTP.CD,High income,HIC,2.86596E+13,3.21233E+13,3.57696E+13,3.78295E+13,3.99594E+13,4.3752E+13,4.66193E+13,4.36641E+13,4.57539E+13,4.93982E+13,4.94294E+13,5.00347E+13,5.11106E+13,4.82464E+13,4.92797E+13,5.15381E+13,5.47992E+13,5.52729E+13,5.38746E+13,5.98297E+13
GDP (current US$),NY.GDP.MKTP.CD,Low & middle income,LMY,6.15867E+12,6.93789E+12,8.2342E+12,9.80261E+12,1.16317E+13,1.4363E+13,1.71832E+13,1.68081E+13,2.04573E+13,2.41421E+13,2.56901E+13,2.72015E+13,2.81402E+13,2.66818E+13,2.69178E+13,2.95818E+13,3.13595E+13,3.20701E+13,3.09372E+13,3.63542E+13
GDP (current US$),NY.GDP.MKTP.CD,Lower middle income,LMC,1.66129E+12,1.90722E+12,2.20943E+12,2.56403E+12,3.03747E+12,3.72893E+12,4.21989E+12,4.296E+12,5.25442E+12,6.04296E+12,6.33964E+12,6.44689E+12,6.7226E+12,6.54602E+12,6.89923E+12,7.41221E+12,7.59976E+12,7.90859E+12,7.61724E+12,8.74253E+12
,,,,,,,,,,,,,,,,,,,,,,,
,,,,,,,,,,,,,,,,,,,,,,,
,,,,,,,,,,,,,,,,,,,,,,,
Data from database: World Development Indicators,,,,,,,,,,,,,,,,,,,,,,,
Last Updated: 12/22/2022,,,,,,,,,,,,,,,,,,,,,,,